ROI,tile,patch,timestep,Empty,Border
ROIs1868,17,51,26,False,False
ROIs1868,17,278,26,False,False
ROIs1868,17,294,26,False,False
ROIs1868,17,302,26,False,False
ROIs1868,17,326,26,False,False
ROIs1868,56,201,12,False,False
ROIs1868,73,10,26,False,False
ROIs1868,119,15,13,False,False
ROIs1868,119,21,26,False,False
ROIs1868,119,53,28,False,False
ROIs1868,119,112,13,False,False
ROIs1868,119,120,26,False,False
ROIs1868,119,152,26,False,False
ROIs1868,119,152,29,False,False
ROIs1868,119,155,26,False,False
ROIs1868,119,157,26,False,False
ROIs1868,119,192,0,False,False
ROIs1868,119,231,29,False,False
ROIs1868,121,10,25,False,False
ROIs1868,121,11,4,False,False
ROIs1868,121,11,14,False,False
ROIs1868,121,11,21,False,False
ROIs1868,121,11,25,False,False
ROIs1868,121,11,26,False,False
ROIs1868,121,16,4,False,False
ROIs1868,121,16,26,False,False
ROIs1868,121,27,14,False,False
ROIs1868,121,30,26,False,False
ROIs1868,121,32,26,False,False
ROIs1868,121,32,29,False,False
ROIs1868,121,33,29,False,False
ROIs1868,121,41,4,False,False
ROIs1868,121,41,14,False,False
ROIs1868,121,42,3,False,False
ROIs1868,121,44,23,False,False
ROIs1868,121,45,26,False,False
ROIs1868,121,51,25,False,False
ROIs1868,121,53,26,False,False
ROIs1868,121,60,9,False,False
ROIs1868,121,60,21,False,False
ROIs1868,121,61,4,False,False
ROIs1868,121,61,26,False,False
ROIs1868,121,65,3,False,False
ROIs1868,121,67,3,False,False
ROIs1868,121,67,4,False,False
ROIs1868,121,68,15,False,False
ROIs1868,121,68,26,False,False
ROIs1868,121,75,10,False,False
ROIs1868,121,80,4,False,False
ROIs1868,121,81,4,False,False
ROIs1868,121,82,4,False,False
ROIs1868,121,83,4,False,False
ROIs1868,121,83,21,False,False
ROIs1868,121,84,26,False,False
ROIs1868,121,85,4,False,False
ROIs1868,121,85,21,False,False
ROIs1868,121,87,29,False,False
ROIs1868,121,90,4,False,False
ROIs1868,121,91,11,False,False
ROIs1868,121,91,19,False,False
ROIs1868,121,91,21,False,False
ROIs1868,121,92,26,False,False
ROIs1868,121,100,4,False,False
ROIs1868,121,100,26,False,False
ROIs1868,121,101,4,False,False
ROIs1868,121,101,29,False,False
ROIs1868,121,102,3,False,False
ROIs1868,121,103,29,False,False
ROIs1868,121,104,3,False,False
ROIs1868,121,104,26,False,False
ROIs1868,121,105,21,False,False
ROIs1868,121,106,4,False,False
ROIs1868,121,106,21,False,False
ROIs1868,121,106,26,False,False
ROIs1868,121,108,21,False,False
ROIs1868,121,111,21,False,False
ROIs1868,121,111,26,False,False
ROIs1868,121,114,25,False,False
ROIs1868,121,124,29,False,False
ROIs1868,121,126,3,False,False
ROIs1868,121,126,29,False,False
ROIs1868,121,127,3,False,False
ROIs1868,121,127,4,False,False
ROIs1868,121,127,25,False,False
ROIs1868,121,127,26,False,False
ROIs1868,121,127,29,False,False
ROIs1868,121,128,3,False,False
ROIs1868,121,128,4,False,False
ROIs1868,121,128,21,False,False
ROIs1868,121,128,25,False,False
ROIs1868,121,128,26,False,False
ROIs1868,121,128,29,False,False
ROIs1868,121,129,4,False,False
ROIs1868,121,129,29,False,False
ROIs1868,121,130,26,False,False
ROIs1868,121,131,4,False,False
ROIs1868,121,132,3,False,False
ROIs1868,121,132,29,False,False
ROIs1868,121,134,26,False,False
ROIs1868,121,135,21,False,False
ROIs1868,121,137,4,False,False
ROIs1868,121,137,26,False,False
ROIs1868,121,137,29,False,False
ROIs1868,121,138,21,False,False
ROIs1868,121,149,4,False,False
ROIs1868,121,151,3,False,False
ROIs1868,121,151,21,False,False
ROIs1868,121,151,29,False,False
ROIs1868,121,152,4,False,False
ROIs1868,121,152,21,False,False
ROIs1868,121,152,29,False,False
ROIs1868,121,153,21,False,False
ROIs1868,121,153,26,False,False
ROIs1868,121,154,26,False,False
ROIs1868,121,156,21,False,False
ROIs1868,121,157,21,False,False
ROIs1868,121,158,21,False,False
ROIs1868,121,161,26,False,False
ROIs1868,121,161,29,False,False
ROIs1868,121,166,29,False,False
ROIs1868,121,167,21,False,False
ROIs1868,121,170,21,False,False
ROIs1868,121,182,21,False,False
ROIs1868,121,182,29,False,False
ROIs1868,121,183,4,False,False
ROIs1868,121,186,26,False,False
ROIs1868,121,187,21,False,False
ROIs1868,121,192,4,False,False
ROIs1868,121,193,4,False,False
ROIs1868,121,193,21,False,False
ROIs1868,121,194,26,False,False
ROIs1868,121,196,4,False,False
ROIs1868,121,199,4,False,False
ROIs1868,121,201,15,False,False
ROIs1868,121,208,26,False,False
ROIs1868,121,210,25,False,False
ROIs1868,121,224,4,False,False
ROIs1868,121,225,3,False,False
ROIs1868,121,234,26,False,False
ROIs1868,121,235,26,False,False
ROIs1868,121,239,26,False,False
ROIs1868,121,244,4,False,False
ROIs1868,121,245,3,False,False
ROIs1868,121,245,4,False,False
ROIs1868,121,246,3,False,False
ROIs1868,121,251,25,False,False
ROIs1868,121,258,25,False,False
ROIs1868,121,259,3,False,False
ROIs1868,121,261,4,False,False
ROIs1868,121,261,21,False,False
ROIs1868,121,261,26,False,False
ROIs1868,121,261,29,False,False
ROIs1868,121,262,26,False,False
ROIs1868,121,265,4,False,False
ROIs1868,121,275,26,False,False
ROIs1868,121,276,26,False,False
ROIs1868,121,277,3,False,False
ROIs1868,121,277,4,False,False
ROIs1868,121,282,26,False,False
ROIs1868,121,284,4,False,False
ROIs1868,121,298,26,False,False
ROIs1868,121,304,9,False,False
ROIs1868,121,307,4,False,False
ROIs1868,121,307,26,False,False
ROIs1868,121,308,26,False,False
ROIs1868,121,313,4,False,False
ROIs1868,121,315,26,False,False
ROIs1868,121,323,26,False,False
ROIs1868,121,333,3,False,False
ROIs1868,121,333,26,False,False
ROIs1868,121,334,25,False,False
ROIs1868,121,338,4,False,False
ROIs1868,121,338,26,False,False
ROIs1868,121,339,25,False,False
ROIs1868,121,339,26,False,False
ROIs1868,121,345,25,False,False
ROIs1868,121,350,26,False,False
ROIs1868,121,352,26,False,False
ROIs1868,121,355,26,False,False
ROIs1868,121,356,4,False,False
ROIs1868,121,356,26,False,False
ROIs1868,121,357,21,False,False
ROIs1868,121,359,21,False,False
ROIs1868,126,56,24,False,False
ROIs1868,126,92,25,False,False
ROIs1868,126,97,26,False,False
ROIs1868,126,184,24,False,False
ROIs1868,126,191,25,False,False
ROIs1868,126,216,25,False,False
ROIs1868,127,66,27,False,False
ROIs1868,127,101,28,False,False
ROIs1868,127,135,27,False,False
ROIs1868,127,137,29,False,False
ROIs1868,139,0,13,True,False
ROIs1868,139,1,13,True,False
ROIs1868,139,2,13,True,False
ROIs1868,139,3,13,True,False
ROIs1868,139,4,13,True,False
ROIs1868,139,5,13,True,False
ROIs1868,139,6,13,True,False
ROIs1868,139,7,13,True,False
ROIs1868,139,8,13,True,False
ROIs1868,139,9,13,True,False
ROIs1868,139,10,13,True,False
ROIs1868,139,11,13,True,False
ROIs1868,139,12,13,True,False
ROIs1868,139,13,13,True,False
ROIs1868,139,14,13,True,False
ROIs1868,139,15,13,True,False
ROIs1868,139,16,13,True,False
ROIs1868,139,17,13,True,False
ROIs1868,139,18,13,True,False
ROIs1868,139,19,13,True,False
ROIs1868,139,20,13,True,False
ROIs1868,139,21,13,True,False
ROIs1868,139,22,13,True,False
ROIs1868,139,23,13,True,False
ROIs1868,139,24,13,True,False
ROIs1868,139,25,13,True,False
ROIs1868,139,26,13,True,False
ROIs1868,139,27,13,True,False
ROIs1868,139,28,13,True,False
ROIs1868,139,29,13,True,False
ROIs1868,139,30,13,True,False
ROIs1868,139,31,13,True,False
ROIs1868,139,32,13,True,False
ROIs1868,139,33,13,True,False
ROIs1868,139,34,13,True,False
ROIs1868,139,35,13,True,False
ROIs1868,139,36,13,True,False
ROIs1868,139,37,13,True,False
ROIs1868,139,38,13,True,False
ROIs1868,139,39,13,True,False
ROIs1868,139,40,13,True,False
ROIs1868,139,41,13,True,False
ROIs1868,139,42,13,True,False
ROIs1868,139,43,13,True,False
ROIs1868,139,44,13,True,False
ROIs1868,139,45,13,True,False
ROIs1868,139,46,13,True,False
ROIs1868,139,47,13,True,False
ROIs1868,139,48,13,True,False
ROIs1868,139,49,13,True,False
ROIs1868,139,50,13,True,False
ROIs1868,139,51,13,True,False
ROIs1868,139,52,13,True,False
ROIs1868,139,53,13,True,False
ROIs1868,139,54,13,True,False
ROIs1868,139,55,13,True,False
ROIs1868,139,56,13,True,False
ROIs1868,139,57,13,True,False
ROIs1868,139,58,13,True,False
ROIs1868,139,59,13,True,False
ROIs1868,139,60,13,True,False
ROIs1868,139,61,13,True,False
ROIs1868,139,62,13,True,False
ROIs1868,139,63,13,True,False
ROIs1868,139,64,13,True,False
ROIs1868,139,65,13,True,False
ROIs1868,139,66,13,True,False
ROIs1868,139,67,13,True,False
ROIs1868,139,68,13,True,False
ROIs1868,139,69,13,True,False
ROIs1868,139,70,13,True,False
ROIs1868,139,71,13,True,False
ROIs1868,139,72,13,True,False
ROIs1868,139,73,13,True,False
ROIs1868,139,74,13,True,False
ROIs1868,139,75,13,True,False
ROIs1868,139,76,13,True,False
ROIs1868,139,77,13,True,False
ROIs1868,139,78,13,True,False
ROIs1868,139,79,13,True,False
ROIs1868,139,80,13,True,False
ROIs1868,139,81,13,True,False
ROIs1868,139,82,13,True,False
ROIs1868,139,83,13,True,False
ROIs1868,139,84,13,True,False
ROIs1868,139,85,13,True,False
ROIs1868,139,86,13,True,False
ROIs1868,139,87,13,True,False
ROIs1868,139,88,13,True,False
ROIs1868,139,89,13,True,False
ROIs1868,139,90,13,True,False
ROIs1868,139,91,13,True,False
ROIs1868,139,92,13,True,False
ROIs1868,139,93,13,True,False
ROIs1868,139,94,13,True,False
ROIs1868,139,95,13,True,False
ROIs1868,139,96,13,True,False
ROIs1868,139,97,13,True,False
ROIs1868,139,98,13,True,False
ROIs1868,139,99,13,True,False
ROIs1868,139,100,13,True,False
ROIs1868,139,101,13,True,False
ROIs1868,139,102,13,True,False
ROIs1868,139,103,13,True,False
ROIs1868,139,104,13,True,False
ROIs1868,139,105,13,True,False
ROIs1868,139,106,13,True,False
ROIs1868,139,107,13,True,False
ROIs1868,139,108,13,True,False
ROIs1868,139,109,13,True,False
ROIs1868,139,110,13,True,False
ROIs1868,139,111,13,True,False
ROIs1868,139,112,13,True,False
ROIs1868,139,113,13,True,False
ROIs1868,139,114,13,True,False
ROIs1868,139,115,13,True,False
ROIs1868,139,116,13,True,False
ROIs1868,139,117,13,True,False
ROIs1868,139,118,13,True,False
ROIs1868,139,119,13,True,False
ROIs1868,139,120,13,True,False
ROIs1868,139,121,13,True,False
ROIs1868,139,122,13,True,False
ROIs1868,139,123,13,True,False
ROIs1868,139,124,13,True,False
ROIs1868,139,125,13,True,False
ROIs1868,139,126,13,True,False
ROIs1868,139,127,13,True,False
ROIs1868,139,128,13,True,False
ROIs1868,139,129,13,True,False
ROIs1868,139,130,13,True,False
ROIs1868,139,131,13,True,False
ROIs1868,139,132,13,True,False
ROIs1868,139,133,13,True,False
ROIs1868,139,134,13,True,False
ROIs1868,139,135,13,True,False
ROIs1868,139,136,13,True,False
ROIs1868,139,137,13,True,False
ROIs1868,139,138,13,True,False
ROIs1868,139,139,13,True,False
ROIs1868,139,140,13,True,False
ROIs1868,139,141,13,True,False
ROIs1868,139,142,13,True,False
ROIs1868,139,143,13,True,False
ROIs1868,139,144,13,True,False
ROIs1868,139,145,13,True,False
ROIs1868,139,146,13,True,False
ROIs1868,139,147,13,True,False
ROIs1868,139,148,13,True,False
ROIs1868,139,149,13,True,False
ROIs1868,139,150,13,True,False
ROIs1868,139,151,13,True,False
ROIs1868,139,152,13,True,False
ROIs1868,139,153,13,True,False
ROIs1868,139,154,13,True,False
ROIs1868,139,155,13,True,False
ROIs1868,139,156,13,True,False
ROIs1868,139,157,13,True,False
ROIs1868,139,158,13,True,False
ROIs1868,139,159,13,True,False
ROIs1868,139,160,13,True,False
ROIs1868,139,161,13,True,False
ROIs1868,139,162,13,True,False
ROIs1868,139,163,13,True,False
ROIs1868,139,164,13,True,False
ROIs1868,139,165,13,True,False
ROIs1868,139,166,13,True,False
ROIs1868,139,167,13,True,False
ROIs1868,139,168,13,True,False
ROIs1868,139,169,13,True,False
ROIs1868,139,170,13,True,False
ROIs1868,139,171,13,True,False
ROIs1868,139,172,13,True,False
ROIs1868,139,173,13,True,False
ROIs1868,139,174,13,True,False
ROIs1868,139,175,13,True,False
ROIs1868,139,176,13,True,False
ROIs1868,139,177,13,True,False
ROIs1868,139,178,13,True,False
ROIs1868,139,179,13,True,False
ROIs1868,139,180,13,True,False
ROIs1868,139,181,13,True,False
ROIs1868,139,182,13,True,False
ROIs1868,139,183,13,True,False
ROIs1868,139,184,13,True,False
ROIs1868,139,185,13,True,False
ROIs1868,139,186,13,True,False
ROIs1868,139,187,13,True,False
ROIs1868,139,188,13,True,False
ROIs1868,139,189,13,True,False
ROIs1868,139,190,13,True,False
ROIs1868,139,191,13,True,False
ROIs1868,139,192,13,True,False
ROIs1868,139,193,13,True,False
ROIs1868,139,194,13,True,False
ROIs1868,139,195,13,True,False
ROIs1868,139,196,13,True,False
ROIs1868,139,197,13,True,False
ROIs1868,139,198,13,True,False
ROIs1868,139,199,13,True,False
ROIs1868,139,200,13,True,False
ROIs1868,139,201,13,True,False
ROIs1868,139,202,13,True,False
ROIs1868,139,203,13,True,False
ROIs1868,139,204,13,True,False
ROIs1868,139,205,13,True,False
ROIs1868,139,206,13,True,False
ROIs1868,139,207,13,True,False
ROIs1868,139,208,13,True,False
ROIs1868,139,209,13,True,False
ROIs1868,139,210,13,True,False
ROIs1868,139,211,13,True,False
ROIs1868,139,212,13,True,False
ROIs1868,139,213,13,True,False
ROIs1868,139,214,13,True,False
ROIs1868,139,215,13,True,False
ROIs1868,139,216,13,True,False
ROIs1868,139,217,13,True,False
ROIs1868,139,218,13,True,False
ROIs1868,139,219,13,True,False
ROIs1868,139,220,13,True,False
ROIs1868,139,221,13,True,False
ROIs1868,139,222,13,True,False
ROIs1868,139,223,13,True,False
ROIs1868,139,224,13,True,False
ROIs1868,139,225,13,True,False
ROIs1868,139,226,13,True,False
ROIs1868,139,227,13,True,False
ROIs1868,139,228,13,True,False
ROIs1868,139,229,13,True,False
ROIs1868,139,230,13,True,False
ROIs1868,139,231,13,True,False
ROIs1868,139,232,13,True,False
ROIs1868,139,233,13,True,False
ROIs1868,139,234,13,True,False
ROIs1868,139,235,13,True,False
ROIs1868,139,236,13,True,False
ROIs1868,139,237,13,True,False
ROIs1868,139,238,13,True,False
ROIs1868,139,239,13,True,False
ROIs1868,139,240,13,True,False
ROIs1868,139,241,13,True,False
ROIs1868,139,242,13,True,False
ROIs1868,139,243,13,True,False
ROIs1868,139,244,13,True,False
ROIs1868,139,245,13,True,False
ROIs1868,139,246,13,True,False
ROIs1868,139,247,13,True,False
ROIs1868,139,248,13,True,False
ROIs1868,139,249,13,True,False
ROIs1868,139,250,13,True,False
ROIs1868,139,251,13,True,False
ROIs1868,139,252,13,True,False
ROIs1868,139,253,13,True,False
ROIs1868,139,254,13,True,False
ROIs1868,139,255,13,True,False
ROIs1868,139,256,13,True,False
ROIs1868,139,257,13,True,False
ROIs1868,139,258,13,True,False
ROIs1868,139,259,13,True,False
ROIs1868,139,260,13,True,False
ROIs1868,139,261,13,True,False
ROIs1868,139,262,13,True,False
ROIs1868,139,263,13,True,False
ROIs1868,139,264,13,True,False
ROIs1868,139,265,13,True,False
ROIs1868,139,266,13,True,False
ROIs1868,139,267,13,True,False
ROIs1868,139,268,13,True,False
ROIs1868,139,269,13,True,False
ROIs1868,139,270,13,True,False
ROIs1868,139,271,13,True,False
ROIs1868,139,272,13,True,False
ROIs1868,139,273,13,True,False
ROIs1868,139,274,13,True,False
ROIs1868,139,275,13,True,False
ROIs1868,139,276,13,True,False
ROIs1868,139,277,13,True,False
ROIs1868,139,278,13,True,False
ROIs1868,139,279,13,True,False
ROIs1868,139,280,13,True,False
ROIs1868,139,281,13,True,False
ROIs1868,139,282,13,True,False
ROIs1868,139,283,13,True,False
ROIs1868,139,284,13,True,False
ROIs1868,139,285,13,True,False
ROIs1868,139,286,13,True,False
ROIs1868,139,287,13,True,False
ROIs1868,139,288,13,True,False
ROIs1868,139,289,13,True,False
ROIs1868,139,290,13,True,False
ROIs1868,139,291,13,True,False
ROIs1868,139,292,13,True,False
ROIs1868,139,293,13,True,False
ROIs1868,139,294,13,True,False
ROIs1868,139,295,13,True,False
ROIs1868,139,296,13,True,False
ROIs1868,139,297,13,True,False
ROIs1868,139,298,13,True,False
ROIs1868,139,299,13,True,False
ROIs1868,142,0,12,True,False
ROIs1868,142,1,12,True,False
ROIs1868,142,2,12,True,False
ROIs1868,142,3,12,True,False
ROIs1868,142,4,12,True,False
ROIs1868,142,5,12,True,False
ROIs1868,142,6,12,True,False
ROIs1868,142,7,12,True,False
ROIs1868,142,8,12,True,False
ROIs1868,142,9,12,True,False
ROIs1868,142,10,12,True,False
ROIs1868,142,11,12,True,False
ROIs1868,142,12,12,True,False
ROIs1868,142,13,12,True,False
ROIs1868,142,14,12,True,False
ROIs1868,142,15,12,True,False
ROIs1868,142,16,12,True,False
ROIs1868,142,17,12,True,False
ROIs1868,142,18,12,True,False
ROIs1868,142,19,12,True,False
ROIs1868,142,20,12,True,False
ROIs1868,142,21,12,True,False
ROIs1868,142,22,12,True,False
ROIs1868,142,23,12,True,False
ROIs1868,142,24,12,True,False
ROIs1868,142,25,12,True,False
ROIs1868,142,26,12,True,False
ROIs1868,142,27,12,True,False
ROIs1868,142,28,12,True,False
ROIs1868,142,29,12,True,False
ROIs1868,142,30,12,True,False
ROIs1868,142,31,12,True,False
ROIs1868,142,32,12,True,False
ROIs1868,142,33,12,True,False
ROIs1868,142,34,12,True,False
ROIs1868,142,35,12,True,False
ROIs1868,142,36,12,True,False
ROIs1868,142,37,12,True,False
ROIs1868,142,38,12,True,False
ROIs1868,142,39,12,True,False
ROIs1868,142,40,12,True,False
ROIs1868,142,41,12,True,False
ROIs1868,142,42,12,True,False
ROIs1868,142,43,12,True,False
ROIs1868,142,44,12,True,False
ROIs1868,142,45,12,True,False
ROIs1868,142,46,12,True,False
ROIs1868,142,47,12,True,False
ROIs1868,142,48,12,True,False
ROIs1868,142,49,12,True,False
ROIs1868,142,50,12,True,False
ROIs1868,142,51,12,True,False
ROIs1868,142,52,12,True,False
ROIs1868,142,53,12,True,False
ROIs1868,142,54,12,True,False
ROIs1868,142,55,12,True,False
ROIs1868,142,56,12,True,False
ROIs1868,142,57,12,True,False
ROIs1868,142,58,12,True,False
ROIs1868,142,59,12,True,False
ROIs1868,142,60,12,True,False
ROIs1868,142,61,12,True,False
ROIs1868,142,62,12,True,False
ROIs1868,142,63,12,True,False
ROIs1868,142,64,12,True,False
ROIs1868,142,65,12,True,False
ROIs1868,142,66,12,True,False
ROIs1868,142,67,12,True,False
ROIs1868,142,68,12,True,False
ROIs1868,142,69,12,True,False
ROIs1868,142,70,12,True,False
ROIs1868,142,71,12,True,False
ROIs1868,142,72,12,True,False
ROIs1868,142,73,12,True,False
ROIs1868,142,74,12,True,False
ROIs1868,142,75,12,True,False
ROIs1868,142,76,12,True,False
ROIs1868,142,77,12,True,False
ROIs1868,142,78,12,True,False
ROIs1868,142,79,12,True,False
ROIs1868,142,80,12,True,False
ROIs1868,142,81,12,True,False
ROIs1868,142,82,12,True,False
ROIs1868,142,83,12,True,False
ROIs1868,142,84,12,True,False
ROIs1868,142,85,12,True,False
ROIs1868,142,86,12,True,False
ROIs1868,142,87,12,True,False
ROIs1868,142,88,12,True,False
ROIs1868,142,89,12,True,False
ROIs1868,142,90,12,True,False
ROIs1868,142,91,12,True,False
ROIs1868,142,92,12,True,False
ROIs1868,142,93,12,True,False
ROIs1868,142,94,12,True,False
ROIs1868,142,95,12,True,False
ROIs1868,142,96,12,True,False
ROIs1868,142,97,12,True,False
ROIs1868,142,98,12,True,False
ROIs1868,142,99,12,True,False
ROIs1868,142,100,12,True,False
ROIs1868,142,101,12,True,False
ROIs1868,142,102,12,True,False
ROIs1868,142,103,12,True,False
ROIs1868,142,104,12,True,False
ROIs1868,142,105,12,True,False
ROIs1868,142,106,12,True,False
ROIs1868,142,107,12,True,False
ROIs1868,142,108,12,True,False
ROIs1868,142,109,12,True,False
ROIs1868,142,110,12,True,False
ROIs1868,142,111,12,True,False
ROIs1868,142,112,12,True,False
ROIs1868,142,113,12,True,False
ROIs1868,142,114,12,True,False
ROIs1868,142,115,12,True,False
ROIs1868,142,116,12,True,False
ROIs1868,142,117,12,True,False
ROIs1868,142,118,12,True,False
ROIs1868,142,119,12,True,False
ROIs1868,142,120,12,True,False
ROIs1868,142,121,12,True,False
ROIs1868,142,122,12,True,False
ROIs1868,142,123,12,True,False
ROIs1868,142,124,12,True,False
ROIs1868,142,125,12,True,False
ROIs1868,142,126,12,True,False
ROIs1868,142,127,12,True,False
ROIs1868,142,128,12,True,False
ROIs1868,142,129,12,True,False
ROIs1868,142,130,12,True,False
ROIs1868,142,131,12,True,False
ROIs1868,142,132,12,True,False
ROIs1868,142,133,12,True,False
ROIs1868,142,134,12,True,False
ROIs1868,142,135,12,True,False
ROIs1868,142,136,12,True,False
ROIs1868,142,137,12,True,False
ROIs1868,142,138,12,True,False
ROIs1868,142,139,12,True,False
ROIs1868,142,140,12,True,False
ROIs1868,142,141,12,True,False
ROIs1868,142,142,12,True,False
ROIs1868,142,143,12,True,False
ROIs1868,142,144,12,True,False
ROIs1868,142,145,12,True,False
ROIs1868,142,146,12,True,False
ROIs1868,142,147,12,True,False
ROIs1868,142,148,12,True,False
ROIs1868,142,149,12,True,False
ROIs1868,142,150,12,True,False
ROIs1868,142,151,12,True,False
ROIs1868,142,152,12,True,False
ROIs1868,142,153,12,True,False
ROIs1868,142,154,12,True,False
ROIs1868,142,155,12,True,False
ROIs1868,142,156,12,True,False
ROIs1868,142,157,12,True,False
ROIs1868,142,158,12,True,False
ROIs1868,142,159,12,True,False
ROIs1868,142,160,12,True,False
ROIs1868,142,161,12,True,False
ROIs1868,142,162,12,True,False
ROIs1868,142,163,12,True,False
ROIs1868,142,164,12,True,False
ROIs1868,142,165,12,True,False
ROIs1868,142,166,12,True,False
ROIs1868,142,167,12,True,False
ROIs1868,142,168,12,False,True
ROIs1868,142,169,12,True,False
ROIs1868,142,169,28,False,False
ROIs1868,142,170,12,True,False
ROIs1868,142,171,12,True,False
ROIs1868,142,172,12,True,False
ROIs1868,142,173,12,True,False
ROIs1868,142,174,12,True,False
ROIs1868,142,175,12,True,False
ROIs1868,142,176,12,True,False
ROIs1868,142,177,12,True,False
ROIs1868,142,178,12,True,False
ROIs1868,142,179,12,True,False
ROIs1868,142,180,12,True,False
ROIs1868,142,181,12,True,False
ROIs1868,142,182,12,True,False
ROIs1868,142,183,3,False,False
ROIs1868,142,183,12,True,False
ROIs1868,142,184,12,True,False
ROIs1868,142,185,8,False,False
ROIs1868,142,185,12,True,False
ROIs1868,142,186,12,True,False
ROIs1868,142,187,12,True,False
ROIs1868,142,188,12,True,False
ROIs1868,142,189,12,False,True
ROIs1868,142,190,12,False,True
ROIs1868,142,191,12,False,True
ROIs1868,142,192,12,False,True
ROIs1868,142,193,12,False,True
ROIs1868,142,194,12,False,True
ROIs1868,142,195,12,False,True
ROIs1868,142,196,12,True,False
ROIs1868,142,197,12,True,False
ROIs1868,142,198,12,True,False
ROIs1868,142,199,12,True,False
ROIs1868,142,200,2,False,False
ROIs1868,142,200,12,True,False
ROIs1868,142,201,12,True,False
ROIs1868,142,202,12,True,False
ROIs1868,142,202,28,False,False
ROIs1868,142,203,12,True,False
ROIs1868,142,204,12,True,False
ROIs1868,142,205,12,True,False
ROIs1868,142,206,12,True,False
ROIs1868,142,207,12,True,False
ROIs1868,142,208,12,True,False
ROIs1868,142,209,12,True,False
ROIs1868,142,216,12,False,True
ROIs1868,142,217,12,False,True
ROIs1868,142,218,12,False,True
ROIs1868,142,219,12,False,True
ROIs1868,142,220,12,False,True
ROIs1868,142,221,12,False,True
ROIs1868,142,222,12,False,True
ROIs1868,142,223,12,True,False
ROIs1868,142,223,28,False,False
ROIs1868,142,224,12,True,False
ROIs1868,142,225,12,True,False
ROIs1868,142,226,12,True,False
ROIs1868,142,227,12,True,False
ROIs1868,142,228,12,True,False
ROIs1868,142,229,12,True,False
ROIs1868,142,230,12,True,False
ROIs1868,142,243,12,False,True
ROIs1868,142,244,12,False,True
ROIs1868,142,245,12,False,True
ROIs1868,142,246,12,False,True
ROIs1868,142,247,12,False,True
ROIs1868,142,248,12,False,True
ROIs1868,142,249,12,False,True
ROIs1868,142,250,12,True,False
ROIs1868,142,251,12,True,False
ROIs1868,142,269,12,False,True
ROIs1868,142,270,12,False,True
ROIs1868,142,271,12,False,True
ROIs1868,142,272,12,False,True
ROIs1970,20,33,16,False,False
ROIs1970,21,1,29,False,False
ROIs1970,21,16,28,False,False
ROIs1970,21,18,29,False,False
ROIs1970,21,21,29,False,False
ROIs1970,21,35,28,False,False
ROIs1970,21,36,29,False,False
ROIs1970,21,38,29,False,False
ROIs1970,21,51,28,False,False
ROIs1970,21,52,28,False,False
ROIs1970,21,54,29,False,False
ROIs1970,21,72,29,False,False
ROIs1970,21,89,28,False,False
ROIs1970,21,107,28,False,False
ROIs1970,21,117,28,False,False
ROIs1970,21,119,28,False,False
ROIs1970,21,120,28,False,False
ROIs1970,21,122,28,False,False
ROIs1970,21,137,28,False,False
ROIs1970,71,13,29,False,False
ROIs1970,71,19,8,False,False
ROIs1970,71,21,29,False,False
ROIs1970,71,42,2,False,False
ROIs1970,71,64,2,False,False
ROIs1970,71,68,2,False,False
ROIs1970,71,144,7,False,False
ROIs1970,71,179,29,False,False
ROIs1970,71,199,29,False,False
ROIs1970,71,220,29,False,False
ROIs1970,71,284,26,False,False
ROIs1970,82,93,20,False,False
ROIs1970,91,104,4,False,False
ROIs1970,91,111,2,False,False
ROIs1970,91,165,2,False,False
ROIs1970,91,213,17,False,False
ROIs1970,91,246,2,False,False
ROIs1970,91,271,2,False,False
ROIs1970,91,301,2,False,False
ROIs1970,112,0,9,True,False
ROIs1970,112,1,9,True,False
ROIs1970,112,2,9,True,False
ROIs1970,112,3,9,True,False
ROIs1970,112,4,9,True,False
ROIs1970,112,5,9,True,False
ROIs1970,112,6,9,True,False
ROIs1970,112,7,9,True,False
ROIs1970,112,8,9,True,False
ROIs1970,112,9,9,True,False
ROIs1970,112,10,9,True,False
ROIs1970,112,11,9,True,False
ROIs1970,112,12,9,True,False
ROIs1970,112,13,9,True,False
ROIs1970,112,14,9,True,False
ROIs1970,112,15,9,True,False
ROIs1970,112,16,9,True,False
ROIs1970,112,17,9,True,False
ROIs1970,112,18,9,True,False
ROIs1970,112,19,9,True,False
ROIs1970,112,20,9,True,False
ROIs1970,112,21,9,True,False
ROIs1970,112,22,9,True,False
ROIs1970,112,23,9,True,False
ROIs1970,112,24,9,True,False
ROIs1970,112,25,9,True,False
ROIs1970,112,26,9,True,False
ROIs1970,112,27,9,True,False
ROIs1970,112,28,9,True,False
ROIs1970,112,29,9,True,False
ROIs1970,112,30,9,True,False
ROIs1970,112,31,9,True,False
ROIs1970,112,32,9,True,False
ROIs1970,112,33,9,True,False
ROIs1970,112,34,9,True,False
ROIs1970,112,35,9,True,False
ROIs1970,112,36,9,True,False
ROIs1970,112,37,9,True,False
ROIs1970,112,38,9,True,False
ROIs1970,112,39,9,True,False
ROIs1970,112,40,9,True,False
ROIs1970,112,41,9,True,False
ROIs1970,112,42,9,True,False
ROIs1970,112,43,9,True,False
ROIs1970,112,44,9,True,False
ROIs1970,112,45,9,True,False
ROIs1970,112,46,9,True,False
ROIs1970,112,47,9,True,False
ROIs1970,112,48,9,True,False
ROIs1970,112,49,9,True,False
ROIs1970,112,50,9,True,False
ROIs1970,112,51,9,True,False
ROIs1970,112,52,9,True,False
ROIs1970,112,53,9,True,False
ROIs1970,112,54,9,True,False
ROIs1970,112,55,9,True,False
ROIs1970,112,56,9,True,False
ROIs1970,112,57,9,True,False
ROIs1970,112,58,9,True,False
ROIs1970,112,59,9,True,False
ROIs1970,112,60,9,True,False
ROIs1970,112,61,9,True,False
ROIs1970,112,62,9,True,False
ROIs1970,112,63,9,True,False
ROIs1970,112,64,9,True,False
ROIs1970,112,65,9,True,False
ROIs1970,112,66,9,True,False
ROIs1970,112,67,9,True,False
ROIs1970,112,68,9,True,False
ROIs1970,112,69,9,True,False
ROIs1970,112,70,9,True,False
ROIs1970,112,71,9,True,False
ROIs1970,112,72,9,True,False
ROIs1970,112,73,9,True,False
ROIs1970,112,74,9,True,False
ROIs1970,112,75,9,True,False
ROIs1970,112,76,9,True,False
ROIs1970,112,77,9,True,False
ROIs1970,112,78,9,True,False
ROIs1970,112,79,9,True,False
ROIs1970,112,80,9,True,False
ROIs1970,112,81,9,True,False
ROIs1970,112,82,9,True,False
ROIs1970,112,83,9,True,False
ROIs1970,112,84,9,True,False
ROIs1970,112,85,9,True,False
ROIs1970,112,86,9,True,False
ROIs1970,112,87,9,True,False
ROIs1970,112,88,9,True,False
ROIs1970,112,89,9,True,False
ROIs1970,112,90,9,True,False
ROIs1970,112,91,9,True,False
ROIs1970,112,92,9,True,False
ROIs1970,112,93,9,True,False
ROIs1970,112,94,9,True,False
ROIs1970,112,95,9,True,False
ROIs1970,112,96,9,True,False
ROIs1970,112,97,9,True,False
ROIs1970,112,98,9,True,False
ROIs1970,112,99,9,True,False
ROIs1970,112,100,9,True,False
ROIs1970,112,101,9,True,False
ROIs1970,112,102,9,True,False
ROIs1970,112,103,9,True,False
ROIs1970,112,104,9,True,False
ROIs1970,112,105,9,True,False
ROIs1970,112,106,9,True,False
ROIs1970,112,107,9,True,False
ROIs1970,112,108,9,True,False
ROIs1970,112,109,9,True,False
ROIs1970,112,110,9,True,False
ROIs1970,112,111,9,True,False
ROIs1970,112,112,9,True,False
ROIs1970,112,113,9,True,False
ROIs1970,112,114,9,True,False
ROIs1970,112,115,9,True,False
ROIs1970,112,116,9,True,False
ROIs1970,112,117,9,True,False
ROIs1970,112,118,9,True,False
ROIs1970,112,119,9,True,False
ROIs1970,112,120,9,True,False
ROIs1970,112,121,9,True,False
ROIs1970,112,122,9,True,False
ROIs1970,112,123,9,True,False
ROIs1970,112,124,9,True,False
ROIs1970,112,125,9,True,False
ROIs1970,112,126,9,True,False
ROIs1970,112,127,9,True,False
ROIs1970,112,128,9,True,False
ROIs1970,112,129,9,True,False
ROIs1970,112,130,9,True,False
ROIs1970,112,131,9,True,False
ROIs1970,112,132,9,True,False
ROIs1970,112,133,9,True,False
ROIs1970,112,134,9,True,False
ROIs1970,112,135,9,True,False
ROIs1970,112,136,9,True,False
ROIs1970,112,137,9,True,False
ROIs1970,112,138,9,True,False
ROIs1970,112,139,9,True,False
ROIs1970,112,140,9,True,False
ROIs1970,112,141,9,True,False
ROIs1970,112,142,9,True,False
ROIs1970,112,143,9,True,False
ROIs1970,112,144,9,True,False
ROIs1970,112,145,9,True,False
ROIs1970,112,146,9,True,False
ROIs1970,112,147,9,True,False
ROIs1970,112,148,9,True,False
ROIs1970,112,149,9,True,False
ROIs1970,112,150,9,True,False
ROIs1970,112,151,9,True,False
ROIs1970,112,152,9,True,False
ROIs1970,112,153,9,True,False
ROIs1970,112,154,9,True,False
ROIs1970,112,155,9,True,False
ROIs1970,112,156,9,True,False
ROIs1970,112,157,9,True,False
ROIs1970,112,158,9,True,False
ROIs1970,112,159,9,True,False
ROIs1970,112,160,9,True,False
ROIs1970,112,161,9,True,False
ROIs1970,112,162,9,True,False
ROIs1970,112,163,9,True,False
ROIs1970,112,164,9,True,False
ROIs1970,112,165,9,True,False
ROIs1970,112,166,9,True,False
ROIs1970,112,167,9,True,False
ROIs1970,112,168,9,True,False
ROIs1970,112,169,9,True,False
ROIs1970,112,170,9,True,False
ROIs1970,112,171,9,True,False
ROIs1970,112,172,9,True,False
ROIs1970,112,173,9,True,False
ROIs1970,112,174,9,True,False
ROIs1970,112,175,9,True,False
ROIs1970,112,176,9,True,False
ROIs1970,112,177,9,True,False
ROIs1970,112,178,9,True,False
ROIs1970,112,179,9,True,False
ROIs1970,112,180,9,True,False
ROIs1970,112,181,9,True,False
ROIs1970,112,182,9,True,False
ROIs1970,112,183,9,True,False
ROIs1970,112,184,9,True,False
ROIs1970,112,185,9,True,False
ROIs1970,112,186,9,True,False
ROIs1970,112,187,9,True,False
ROIs1970,112,188,9,True,False
ROIs1970,112,189,9,True,False
ROIs1970,112,190,9,True,False
ROIs1970,112,191,9,True,False
ROIs1970,112,192,9,True,False
ROIs1970,112,193,9,True,False
ROIs1970,112,194,9,True,False
ROIs1970,112,195,9,True,False
ROIs1970,112,196,9,True,False
ROIs1970,112,197,9,True,False
ROIs1970,112,198,9,True,False
ROIs1970,112,199,9,True,False
ROIs1970,112,200,9,True,False
ROIs1970,112,201,9,True,False
ROIs1970,112,202,9,True,False
ROIs1970,112,203,9,True,False
ROIs1970,112,204,9,True,False
ROIs1970,112,205,9,True,False
ROIs1970,112,206,9,True,False
ROIs1970,112,207,9,True,False
ROIs1970,112,208,9,True,False
ROIs1970,112,209,9,True,False
ROIs1970,112,210,9,True,False
ROIs1970,112,211,9,True,False
ROIs1970,112,212,9,True,False
ROIs1970,112,213,9,True,False
ROIs1970,112,214,9,True,False
ROIs1970,112,215,9,True,False
ROIs1970,112,216,9,True,False
ROIs1970,112,217,9,True,False
ROIs1970,112,217,25,False,False
ROIs1970,112,218,9,True,False
ROIs1970,112,219,9,True,False
ROIs1970,112,220,9,True,False
ROIs1970,112,221,9,True,False
ROIs1970,112,222,9,True,False
ROIs1970,112,223,9,True,False
ROIs1970,112,224,9,True,False
ROIs1970,112,225,9,True,False
ROIs1970,112,226,9,True,False
ROIs1970,112,227,9,True,False
ROIs1970,112,228,9,True,False
ROIs1970,112,229,9,True,False
ROIs1970,112,230,9,True,False
ROIs1970,112,231,9,True,False
ROIs1970,112,232,9,True,False
ROIs1970,112,233,9,True,False
ROIs1970,112,234,9,True,False
ROIs1970,112,235,9,True,False
ROIs1970,112,236,9,True,False
ROIs1970,112,237,9,True,False
ROIs1970,112,238,9,True,False
ROIs1970,112,239,9,True,False
ROIs1970,112,240,9,True,False
ROIs1970,112,241,9,True,False
ROIs1970,112,242,9,True,False
ROIs1970,112,243,9,True,False
ROIs1970,112,244,9,True,False
ROIs1970,112,245,9,True,False
ROIs1970,112,246,9,True,False
ROIs1970,112,247,9,True,False
ROIs1970,112,248,9,True,False
ROIs1970,112,249,9,True,False
ROIs1970,112,250,9,True,False
ROIs1970,112,251,9,True,False
ROIs1970,112,252,9,True,False
ROIs1970,112,253,9,True,False
ROIs1970,112,254,9,True,False
ROIs1970,112,255,9,True,False
ROIs1970,112,256,9,True,False
ROIs1970,112,257,9,True,False
ROIs1970,112,258,9,True,False
ROIs1970,112,259,9,True,False
ROIs1970,112,260,9,True,False
ROIs1970,112,261,9,True,False
ROIs1970,112,262,9,True,False
ROIs1970,112,263,9,True,False
ROIs1970,112,264,9,True,False
ROIs1970,112,265,9,True,False
ROIs1970,112,266,9,True,False
ROIs1970,112,267,9,True,False
ROIs1970,112,268,9,True,False
ROIs1970,112,269,9,True,False
ROIs1970,116,18,29,False,False
ROIs1970,116,22,26,False,False
ROIs1970,116,27,29,False,False
ROIs1970,116,37,29,False,False
ROIs1970,116,42,29,False,False
ROIs1970,116,51,29,False,False
ROIs1970,116,69,23,False,False
ROIs1970,116,84,14,False,False
ROIs1970,116,93,29,False,False
ROIs1970,116,101,29,False,False
ROIs1970,116,121,29,False,False
ROIs1970,116,124,3,False,False
ROIs1970,116,125,29,False,False
ROIs1970,116,140,24,False,False
ROIs1970,116,199,17,False,False
ROIs1970,116,210,26,False,False
ROIs1970,116,224,26,False,False
ROIs1970,116,242,29,False,False
ROIs1970,116,252,3,False,False
ROIs1970,116,255,3,False,False
ROIs1970,116,259,1,False,False
ROIs1970,116,262,27,False,False
ROIs1970,116,267,29,False,False
ROIs1970,116,268,29,False,False
ROIs1970,116,269,3,False,False
ROIs1970,116,271,29,False,False
ROIs1970,116,279,29,False,False
ROIs1970,119,0,3,False,True
ROIs1970,119,0,8,False,True
ROIs1970,119,0,10,False,True
ROIs1970,119,0,15,False,True
ROIs1970,119,0,18,False,True
ROIs1970,119,0,23,False,True
ROIs1970,119,0,29,True,False
ROIs1970,119,1,29,True,False
ROIs1970,119,2,2,False,False
ROIs1970,119,2,29,True,False
ROIs1970,119,3,29,True,False
ROIs1970,119,4,29,True,False
ROIs1970,119,5,29,True,False
ROIs1970,119,6,29,True,False
ROIs1970,119,7,29,True,False
ROIs1970,119,8,29,True,False
ROIs1970,119,9,29,True,False
ROIs1970,119,10,29,True,False
ROIs1970,119,11,29,True,False
ROIs1970,119,12,29,True,False
ROIs1970,119,13,29,True,False
ROIs1970,119,14,29,True,False
ROIs1970,119,15,29,True,False
ROIs1970,119,16,29,True,False
ROIs1970,119,17,29,True,False
ROIs1970,119,18,29,True,False
ROIs1970,119,19,29,True,False
ROIs1970,119,20,29,True,False
ROIs1970,119,21,2,False,False
ROIs1970,119,21,29,True,False
ROIs1970,119,22,2,False,False
ROIs1970,119,22,29,True,False
ROIs1970,119,23,2,False,False
ROIs1970,119,23,29,True,False
ROIs1970,119,24,2,False,False
ROIs1970,119,24,29,True,False
ROIs1970,119,25,29,True,False
ROIs1970,119,26,29,True,False
ROIs1970,119,27,29,True,False
ROIs1970,119,28,29,True,False
ROIs1970,119,29,29,True,False
ROIs1970,119,30,29,True,False
ROIs1970,119,31,29,True,False
ROIs1970,119,32,29,True,False
ROIs1970,119,33,29,True,False
ROIs1970,119,34,29,True,False
ROIs1970,119,35,29,True,False
ROIs1970,119,36,29,True,False
ROIs1970,119,37,29,True,False
ROIs1970,119,38,29,True,False
ROIs1970,119,39,29,True,False
ROIs1970,119,40,29,True,False
ROIs1970,119,41,29,True,False
ROIs1970,119,42,29,True,False
ROIs1970,119,43,29,True,False
ROIs1970,119,44,29,True,False
ROIs1970,119,45,2,False,False
ROIs1970,119,45,29,True,False
ROIs1970,119,46,29,True,False
ROIs1970,119,47,29,True,False
ROIs1970,119,48,29,True,False
ROIs1970,119,49,29,True,False
ROIs1970,119,50,29,True,False
ROIs1970,119,51,29,True,False
ROIs1970,119,52,29,True,False
ROIs1970,119,53,29,True,False
ROIs1970,119,54,29,True,False
ROIs1970,119,55,29,True,False
ROIs1970,119,56,29,True,False
ROIs1970,119,57,29,True,False
ROIs1970,119,58,29,True,False
ROIs1970,119,59,29,True,False
ROIs1970,119,60,29,True,False
ROIs1970,119,61,29,True,False
ROIs1970,119,62,29,True,False
ROIs1970,119,63,29,True,False
ROIs1970,119,64,29,True,False
ROIs1970,119,65,29,True,False
ROIs1970,119,66,29,True,False
ROIs1970,119,67,29,True,False
ROIs1970,119,68,29,True,False
ROIs1970,119,69,29,True,False
ROIs1970,119,70,29,True,False
ROIs1970,119,71,29,True,False
ROIs1970,119,72,29,True,False
ROIs1970,119,73,29,True,False
ROIs1970,119,74,29,True,False
ROIs1970,119,75,29,True,False
ROIs1970,119,76,29,True,False
ROIs1970,119,77,29,True,False
ROIs1970,119,78,29,True,False
ROIs1970,119,79,29,True,False
ROIs1970,119,80,29,True,False
ROIs1970,119,81,29,True,False
ROIs1970,119,82,29,True,False
ROIs1970,119,83,29,True,False
ROIs1970,119,84,29,True,False
ROIs1970,119,85,29,True,False
ROIs1970,119,86,29,True,False
ROIs1970,119,87,29,True,False
ROIs1970,119,88,29,True,False
ROIs1970,119,89,29,True,False
ROIs1970,119,90,29,True,False
ROIs1970,119,91,29,True,False
ROIs1970,119,92,29,True,False
ROIs1970,119,93,29,True,False
ROIs1970,119,94,29,True,False
ROIs1970,119,95,29,True,False
ROIs1970,119,96,29,True,False
ROIs1970,119,97,29,True,False
ROIs1970,119,98,29,True,False
ROIs1970,119,99,29,True,False
ROIs1970,119,100,29,True,False
ROIs1970,119,101,29,True,False
ROIs1970,119,102,29,True,False
ROIs1970,119,103,13,False,False
ROIs1970,119,103,29,True,False
ROIs1970,119,104,29,True,False
ROIs1970,119,105,29,True,False
ROIs1970,119,106,29,True,False
ROIs1970,119,107,29,True,False
ROIs1970,119,108,29,True,False
ROIs1970,119,109,29,True,False
ROIs1970,119,110,29,True,False
ROIs1970,119,111,29,True,False
ROIs1970,119,112,29,True,False
ROIs1970,119,113,29,True,False
ROIs1970,119,114,29,True,False
ROIs1970,119,115,29,True,False
ROIs1970,119,116,29,True,False
ROIs1970,119,117,29,True,False
ROIs1970,119,118,29,True,False
ROIs1970,119,119,29,True,False
ROIs1970,119,120,29,True,False
ROIs1970,119,121,29,True,False
ROIs1970,119,122,29,True,False
ROIs1970,119,123,29,True,False
ROIs1970,119,124,29,True,False
ROIs1970,119,125,29,True,False
ROIs1970,119,126,29,True,False
ROIs1970,119,127,29,True,False
ROIs1970,119,128,29,True,False
ROIs1970,119,129,29,True,False
ROIs1970,119,130,29,True,False
ROIs1970,119,131,29,True,False
ROIs1970,119,132,29,True,False
ROIs1970,119,133,29,True,False
ROIs1970,119,134,29,True,False
ROIs1970,119,135,29,True,False
ROIs1970,119,136,28,False,False
ROIs1970,119,136,29,True,False
ROIs1970,119,137,29,True,False
ROIs1970,119,138,29,True,False
ROIs1970,119,139,29,True,False
ROIs1970,119,140,29,True,False
ROIs1970,119,141,29,True,False
ROIs1970,119,142,29,True,False
ROIs1970,119,143,29,True,False
ROIs1970,119,144,29,True,False
ROIs1970,119,145,29,True,False
ROIs1970,119,146,29,True,False
ROIs1970,119,147,29,True,False
ROIs1970,119,148,29,True,False
ROIs1970,119,149,29,True,False
ROIs1970,119,150,29,True,False
ROIs1970,119,151,29,True,False
ROIs1970,119,152,29,True,False
ROIs1970,119,153,29,True,False
ROIs1970,119,154,29,True,False
ROIs1970,119,155,29,True,False
ROIs1970,119,156,24,False,False
ROIs1970,119,156,29,True,False
ROIs1970,119,157,29,True,False
ROIs1970,119,158,29,True,False
ROIs1970,119,159,29,True,False
ROIs1970,119,160,29,True,False
ROIs1970,119,161,29,True,False
ROIs1970,119,162,29,True,False
ROIs1970,119,163,29,True,False
ROIs1970,119,164,29,True,False
ROIs1970,119,165,29,True,False
ROIs1970,119,166,29,True,False
ROIs1970,119,167,29,True,False
ROIs1970,119,168,29,True,False
ROIs1970,119,169,29,True,False
ROIs1970,119,170,29,True,False
ROIs1970,119,171,29,True,False
ROIs1970,119,172,29,True,False
ROIs1970,119,173,29,True,False
ROIs1970,119,174,29,True,False
ROIs1970,119,175,29,True,False
ROIs1970,119,176,29,True,False
ROIs1970,119,177,29,True,False
ROIs1970,119,178,29,True,False
ROIs1970,119,179,29,True,False
ROIs1970,119,180,29,True,False
ROIs1970,119,181,29,True,False
ROIs1970,119,182,29,True,False
ROIs1970,119,183,29,True,False
ROIs1970,119,184,29,True,False
ROIs1970,119,185,29,True,False
ROIs1970,119,186,29,True,False
ROIs1970,119,187,29,True,False
ROIs1970,119,188,29,True,False
ROIs1970,119,189,29,True,False
ROIs1970,119,190,29,True,False
ROIs1970,119,191,29,True,False
ROIs1970,119,192,29,True,False
ROIs1970,119,193,29,True,False
ROIs1970,119,194,29,True,False
ROIs1970,119,195,29,True,False
ROIs1970,119,196,29,True,False
ROIs1970,119,197,29,True,False
ROIs1970,119,198,29,True,False
ROIs1970,119,199,29,True,False
ROIs1970,119,200,29,True,False
ROIs1970,119,201,29,True,False
ROIs1970,119,202,29,True,False
ROIs1970,119,203,29,True,False
ROIs1970,119,204,29,True,False
ROIs1970,119,205,29,True,False
ROIs1970,119,206,29,True,False
ROIs1970,119,207,29,True,False
ROIs1970,119,208,29,True,False
ROIs1970,119,209,29,True,False
ROIs1970,119,210,29,True,False
ROIs1970,119,211,29,True,False
ROIs1970,119,212,29,True,False
ROIs1970,119,213,29,True,False
ROIs1970,119,214,29,True,False
ROIs1970,119,215,29,True,False
ROIs1970,119,216,29,True,False
ROIs1970,119,217,29,True,False
ROIs1970,119,218,29,True,False
ROIs1970,119,219,29,True,False
ROIs1970,119,220,29,True,False
ROIs1970,119,221,29,True,False
ROIs1970,119,222,29,True,False
ROIs1970,119,223,29,True,False
ROIs1970,119,224,29,True,False
ROIs1970,119,225,29,True,False
ROIs1970,119,226,29,True,False
ROIs1970,119,227,29,True,False
ROIs1970,119,228,29,True,False
ROIs1970,119,229,29,True,False
ROIs1970,119,230,29,True,False
ROIs1970,119,231,29,True,False
ROIs1970,119,232,29,True,False
ROIs1970,119,233,29,True,False
ROIs1970,119,234,29,True,False
ROIs1970,119,235,29,True,False
ROIs1970,119,236,29,True,False
ROIs1970,119,237,29,True,False
ROIs1970,119,238,29,True,False
ROIs1970,119,239,27,False,False
ROIs1970,119,239,29,True,False
ROIs1970,119,240,29,True,False
ROIs1970,119,241,29,True,False
ROIs1970,119,242,29,True,False
ROIs1970,119,243,29,True,False
ROIs1970,119,244,29,True,False
ROIs1970,119,245,29,True,False
ROIs1970,119,246,29,True,False
ROIs1970,119,247,29,True,False
ROIs1970,119,248,29,True,False
ROIs1970,119,249,29,True,False
ROIs1970,119,250,29,True,False
ROIs1970,119,251,28,False,False
ROIs1970,119,251,29,True,False
ROIs1970,119,252,29,True,False
ROIs1970,119,253,29,True,False
ROIs1970,119,254,29,True,False
ROIs1970,119,255,29,True,False
ROIs1970,119,256,29,True,False
ROIs1970,119,257,29,True,False
ROIs1970,119,258,29,True,False
ROIs1970,119,259,29,True,False
ROIs1970,119,260,29,True,False
ROIs1970,119,261,29,True,False
ROIs1970,119,262,26,False,False
ROIs1970,119,262,29,True,False
ROIs1970,119,263,29,True,False
ROIs1970,119,264,22,False,False
ROIs1970,119,264,29,True,False
ROIs1970,119,265,22,False,False
ROIs1970,119,265,24,False,False
ROIs1970,119,265,29,True,False
ROIs1970,119,266,22,False,False
ROIs1970,119,266,29,True,False
ROIs1970,119,267,29,True,False
ROIs1970,119,268,29,True,False
ROIs1970,119,269,29,True,False
ROIs1970,119,270,29,True,False
ROIs1970,119,271,29,True,False
ROIs1970,119,272,28,False,False
ROIs1970,119,272,29,True,False
ROIs1970,119,273,29,True,False
ROIs1970,119,274,29,True,False
ROIs1970,119,275,29,True,False
ROIs1970,119,276,29,True,False
ROIs1970,119,277,29,True,False
ROIs1970,119,278,29,True,False
ROIs1970,119,279,29,True,False
ROIs1970,119,280,29,True,False
ROIs1970,119,281,29,True,False
ROIs1970,119,282,29,True,False
ROIs1970,119,283,29,True,False
ROIs1970,119,284,29,True,False
ROIs1970,119,285,29,True,False
ROIs1970,119,286,29,True,False
ROIs1970,119,287,29,True,False
ROIs1970,119,288,29,True,False
ROIs1970,119,289,29,True,False
ROIs1970,119,290,29,True,False
ROIs1970,119,291,29,True,False
ROIs1970,119,292,29,True,False
ROIs1970,119,293,29,True,False
ROIs1970,119,294,29,True,False
ROIs1970,119,295,29,True,False
ROIs1970,119,296,29,True,False
ROIs1970,119,297,29,True,False
ROIs1970,119,298,29,True,False
ROIs1970,119,299,29,True,False
ROIs1970,119,300,29,True,False
ROIs1970,119,301,29,True,False
ROIs1970,119,302,29,True,False
ROIs1970,119,303,29,True,False
ROIs1970,119,304,29,True,False
ROIs1970,119,305,29,True,False
ROIs1970,119,306,29,True,False
ROIs1970,119,307,29,True,False
ROIs1970,119,308,29,True,False
ROIs1970,119,309,29,True,False
ROIs1970,119,310,29,True,False
ROIs1970,119,311,29,True,False
ROIs1970,119,312,29,True,False
ROIs1970,119,313,29,True,False
ROIs1970,119,314,29,True,False
ROIs1970,128,18,26,False,False
ROIs1970,128,44,24,False,False
ROIs1970,128,48,1,False,False
ROIs1970,128,90,1,False,False
ROIs1970,128,134,1,False,False
ROIs1970,128,136,26,False,False
ROIs1970,128,208,1,False,False
ROIs1970,132,67,14,False,False
ROIs1970,133,10,27,False,False
ROIs1970,133,46,27,False,False
ROIs1970,133,87,1,False,False
ROIs1970,133,204,23,False,False
ROIs1970,133,268,5,False,False
ROIs1970,133,301,23,False,False
ROIs1970,133,304,27,False,False
ROIs1970,133,351,5,False,False
ROIs1970,133,353,27,False,False
ROIs1970,135,17,29,False,False
ROIs1970,135,24,27,False,False
ROIs1970,135,28,26,False,False
ROIs1970,135,81,24,False,False
ROIs1970,135,84,24,False,False
ROIs1970,135,117,29,False,False
ROIs1970,135,121,24,False,False
ROIs1970,135,134,29,False,False
ROIs1970,135,155,29,False,False
ROIs1970,135,181,7,False,False
ROIs1970,135,203,27,False,False
ROIs1970,135,204,29,False,False
ROIs1970,135,225,27,False,False
ROIs1970,135,237,24,False,False
ROIs1970,135,238,24,False,False
ROIs1970,139,0,0,False,False
ROIs1970,139,0,1,False,False
ROIs1970,139,0,2,False,False
ROIs1970,139,0,3,False,False
ROIs1970,139,0,4,False,False
ROIs1970,139,0,5,False,False
ROIs1970,139,0,6,False,False
ROIs1970,139,0,7,False,False
ROIs1970,139,0,8,False,False
ROIs1970,139,0,9,False,False
ROIs1970,139,0,10,False,False
ROIs1970,139,0,11,False,False
ROIs1970,139,0,12,False,False
ROIs1970,139,0,13,False,False
ROIs1970,139,0,14,False,False
ROIs1970,139,0,15,False,False
ROIs1970,139,0,16,False,False
ROIs1970,139,0,17,False,False
ROIs1970,139,0,18,False,False
ROIs1970,139,0,19,False,False
ROIs1970,139,0,20,False,False
ROIs1970,139,0,21,False,False
ROIs1970,139,0,22,False,False
ROIs1970,139,0,23,False,False
ROIs1970,139,0,24,False,False
ROIs1970,139,0,25,False,False
ROIs1970,139,0,26,False,False
ROIs1970,139,0,27,False,False
ROIs1970,139,0,28,False,False
ROIs1970,139,0,29,False,False
ROIs1970,139,106,28,False,False
ROIs1970,139,112,28,False,False
ROIs1970,139,174,20,False,False
ROIs1970,142,19,27,False,False
ROIs1970,142,40,24,False,False
ROIs1970,142,52,24,False,False
ROIs1970,142,94,24,False,False
ROIs1970,142,114,24,False,False
ROIs1970,142,137,24,False,False
ROIs1970,142,247,24,False,False
ROIs1970,142,248,9,False,False
ROIs1970,142,302,9,False,False
ROIs1970,142,310,24,False,False
ROIs1970,142,314,24,False,False
ROIs1970,144,0,12,True,False
ROIs1970,144,0,22,True,False
ROIs1970,144,1,12,True,False
ROIs1970,144,1,22,True,False
ROIs1970,144,2,12,True,False
ROIs1970,144,2,22,True,False
ROIs1970,144,3,12,True,False
ROIs1970,144,3,22,True,False
ROIs1970,144,4,12,True,False
ROIs1970,144,4,22,True,False
ROIs1970,144,5,12,True,False
ROIs1970,144,5,22,True,False
ROIs1970,144,6,12,True,False
ROIs1970,144,6,22,True,False
ROIs1970,144,7,12,True,False
ROIs1970,144,7,22,True,False
ROIs1970,144,8,12,True,False
ROIs1970,144,8,22,True,False
ROIs1970,144,9,12,True,False
ROIs1970,144,9,22,True,False
ROIs1970,144,10,12,True,False
ROIs1970,144,10,22,True,False
ROIs1970,144,11,12,True,False
ROIs1970,144,11,22,True,False
ROIs1970,144,12,12,True,False
ROIs1970,144,12,22,True,False
ROIs1970,144,13,12,True,False
ROIs1970,144,13,22,True,False
ROIs1970,144,14,12,True,False
ROIs1970,144,14,22,True,False
ROIs1970,144,15,12,True,False
ROIs1970,144,15,22,True,False
ROIs1970,144,16,12,True,False
ROIs1970,144,16,22,True,False
ROIs1970,144,17,12,True,False
ROIs1970,144,17,22,True,False
ROIs1970,144,18,12,True,False
ROIs1970,144,18,22,True,False
ROIs1970,144,19,12,True,False
ROIs1970,144,19,22,True,False
ROIs1970,144,20,12,True,False
ROIs1970,144,20,22,True,False
ROIs1970,144,21,12,True,False
ROIs1970,144,21,22,True,False
ROIs1970,144,22,12,True,False
ROIs1970,144,22,22,True,False
ROIs1970,144,23,12,True,False
ROIs1970,144,23,22,True,False
ROIs1970,144,24,12,True,False
ROIs1970,144,24,22,True,False
ROIs1970,144,25,12,True,False
ROIs1970,144,25,22,True,False
ROIs1970,144,26,12,True,False
ROIs1970,144,26,22,True,False
ROIs1970,144,27,12,True,False
ROIs1970,144,27,22,True,False
ROIs1970,144,28,12,True,False
ROIs1970,144,28,22,True,False
ROIs1970,144,29,12,True,False
ROIs1970,144,29,22,True,False
ROIs1970,144,30,12,True,False
ROIs1970,144,30,22,True,False
ROIs1970,144,31,12,True,False
ROIs1970,144,31,22,True,False
ROIs1970,144,32,12,True,False
ROIs1970,144,32,22,True,False
ROIs1970,144,33,12,True,False
ROIs1970,144,33,22,True,False
ROIs1970,144,34,12,True,False
ROIs1970,144,34,22,True,False
ROIs1970,144,35,12,True,False
ROIs1970,144,35,22,True,False
ROIs1970,144,36,12,True,False
ROIs1970,144,36,22,True,False
ROIs1970,144,37,12,True,False
ROIs1970,144,37,22,True,False
ROIs1970,144,38,12,True,False
ROIs1970,144,38,22,True,False
ROIs1970,144,39,12,True,False
ROIs1970,144,39,22,True,False
ROIs1970,144,40,12,True,False
ROIs1970,144,40,22,True,False
ROIs1970,144,41,12,True,False
ROIs1970,144,41,22,True,False
ROIs1970,144,42,12,True,False
ROIs1970,144,42,22,True,False
ROIs1970,144,43,12,True,False
ROIs1970,144,43,22,True,False
ROIs1970,144,44,12,True,False
ROIs1970,144,44,22,True,False
ROIs1970,144,45,12,True,False
ROIs1970,144,45,22,True,False
ROIs1970,144,46,12,True,False
ROIs1970,144,46,22,True,False
ROIs1970,144,47,12,True,False
ROIs1970,144,47,22,True,False
ROIs1970,144,48,12,True,False
ROIs1970,144,48,22,True,False
ROIs1970,144,49,12,True,False
ROIs1970,144,49,22,True,False
ROIs1970,144,50,12,True,False
ROIs1970,144,50,22,True,False
ROIs1970,144,51,12,True,False
ROIs1970,144,51,22,True,False
ROIs1970,144,52,12,True,False
ROIs1970,144,52,22,True,False
ROIs1970,144,53,12,True,False
ROIs1970,144,53,22,True,False
ROIs1970,144,54,12,True,False
ROIs1970,144,54,22,True,False
ROIs1970,144,55,12,True,False
ROIs1970,144,55,22,True,False
ROIs1970,144,56,12,True,False
ROIs1970,144,56,22,True,False
ROIs1970,144,57,12,True,False
ROIs1970,144,57,22,True,False
ROIs1970,144,58,12,True,False
ROIs1970,144,58,22,True,False
ROIs1970,144,59,12,True,False
ROIs1970,144,59,22,True,False
ROIs1970,144,60,12,True,False
ROIs1970,144,60,22,True,False
ROIs1970,144,61,12,True,False
ROIs1970,144,61,22,True,False
ROIs1970,144,62,12,True,False
ROIs1970,144,62,22,True,False
ROIs1970,144,63,12,True,False
ROIs1970,144,63,22,True,False
ROIs1970,144,64,12,True,False
ROIs1970,144,64,22,True,False
ROIs1970,144,65,12,True,False
ROIs1970,144,65,22,True,False
ROIs1970,144,66,12,True,False
ROIs1970,144,66,22,True,False
ROIs1970,144,67,12,True,False
ROIs1970,144,67,22,True,False
ROIs1970,144,68,12,True,False
ROIs1970,144,68,22,True,False
ROIs1970,144,69,12,True,False
ROIs1970,144,69,22,True,False
ROIs1970,144,70,12,True,False
ROIs1970,144,70,22,True,False
ROIs1970,144,71,12,True,False
ROIs1970,144,71,22,True,False
ROIs1970,144,72,12,True,False
ROIs1970,144,72,22,True,False
ROIs1970,144,73,12,True,False
ROIs1970,144,73,22,True,False
ROIs1970,144,74,12,True,False
ROIs1970,144,74,22,True,False
ROIs1970,144,75,12,True,False
ROIs1970,144,75,22,True,False
ROIs1970,144,76,12,True,False
ROIs1970,144,76,22,True,False
ROIs1970,144,77,12,True,False
ROIs1970,144,77,22,True,False
ROIs1970,144,78,12,True,False
ROIs1970,144,78,22,True,False
ROIs1970,144,79,12,True,False
ROIs1970,144,79,22,True,False
ROIs1970,144,80,12,True,False
ROIs1970,144,80,22,True,False
ROIs1970,144,81,12,True,False
ROIs1970,144,81,22,True,False
ROIs1970,144,82,12,True,False
ROIs1970,144,82,22,True,False
ROIs1970,144,83,12,True,False
ROIs1970,144,83,22,True,False
ROIs1970,144,84,12,True,False
ROIs1970,144,84,22,True,False
ROIs1970,144,85,12,True,False
ROIs1970,144,85,22,True,False
ROIs1970,144,86,12,True,False
ROIs1970,144,86,22,True,False
ROIs1970,144,87,12,True,False
ROIs1970,144,87,22,True,False
ROIs1970,144,88,12,True,False
ROIs1970,144,88,22,True,False
ROIs1970,144,89,12,True,False
ROIs1970,144,89,22,True,False
ROIs1970,144,90,12,True,False
ROIs1970,144,90,22,True,False
ROIs1970,144,91,12,True,False
ROIs1970,144,91,22,True,False
ROIs1970,144,92,12,True,False
ROIs1970,144,92,22,True,False
ROIs1970,144,93,12,True,False
ROIs1970,144,93,22,True,False
ROIs1970,144,94,12,True,False
ROIs1970,144,94,22,True,False
ROIs1970,144,95,12,True,False
ROIs1970,144,95,22,True,False
ROIs1970,144,96,12,True,False
ROIs1970,144,96,22,True,False
ROIs1970,144,97,12,True,False
ROIs1970,144,97,22,True,False
ROIs1970,144,98,12,True,False
ROIs1970,144,98,22,True,False
ROIs1970,144,99,12,True,False
ROIs1970,144,99,22,True,False
ROIs1970,144,100,12,True,False
ROIs1970,144,100,22,True,False
ROIs1970,144,101,12,True,False
ROIs1970,144,101,22,True,False
ROIs1970,144,102,12,True,False
ROIs1970,144,102,22,True,False
ROIs1970,144,103,12,True,False
ROIs1970,144,103,22,True,False
ROIs1970,144,104,12,True,False
ROIs1970,144,104,22,True,False
ROIs1970,144,105,12,True,False
ROIs1970,144,105,22,True,False
ROIs1970,144,106,12,True,False
ROIs1970,144,106,22,True,False
ROIs1970,144,107,12,True,False
ROIs1970,144,107,22,True,False
ROIs1970,144,108,12,True,False
ROIs1970,144,108,22,True,False
ROIs1970,144,109,12,True,False
ROIs1970,144,109,22,True,False
ROIs1970,144,110,12,True,False
ROIs1970,144,110,22,True,False
ROIs1970,144,111,12,True,False
ROIs1970,144,111,22,True,False
ROIs1970,144,112,12,True,False
ROIs1970,144,112,22,True,False
ROIs1970,144,113,12,True,False
ROIs1970,144,113,22,True,False
ROIs1970,144,114,12,True,False
ROIs1970,144,114,22,True,False
ROIs1970,144,115,12,True,False
ROIs1970,144,115,22,True,False
ROIs1970,144,116,12,True,False
ROIs1970,144,116,22,True,False
ROIs1970,144,117,12,True,False
ROIs1970,144,117,22,True,False
ROIs1970,144,118,12,True,False
ROIs1970,144,118,22,True,False
ROIs1970,144,119,12,True,False
ROIs1970,144,119,22,True,False
ROIs1970,144,120,12,True,False
ROIs1970,144,120,22,True,False
ROIs1970,144,121,12,True,False
ROIs1970,144,121,22,True,False
ROIs1970,144,122,12,True,False
ROIs1970,144,122,22,True,False
ROIs1970,144,123,12,True,False
ROIs1970,144,123,22,True,False
ROIs1970,144,124,12,True,False
ROIs1970,144,124,22,True,False
ROIs1970,144,125,12,True,False
ROIs1970,144,125,22,True,False
ROIs1970,144,126,12,True,False
ROIs1970,144,126,22,True,False
ROIs1970,144,127,12,True,False
ROIs1970,144,127,22,True,False
ROIs1970,144,128,12,True,False
ROIs1970,144,128,22,True,False
ROIs1970,144,129,12,True,False
ROIs1970,144,129,22,True,False
ROIs1970,144,130,12,True,False
ROIs1970,144,130,22,True,False
ROIs1970,144,131,12,True,False
ROIs1970,144,131,22,True,False
ROIs1970,144,132,12,True,False
ROIs1970,144,132,22,True,False
ROIs1970,144,133,12,True,False
ROIs1970,144,133,22,True,False
ROIs1970,144,134,12,True,False
ROIs1970,144,134,22,True,False
ROIs1970,144,135,12,True,False
ROIs1970,144,135,22,True,False
ROIs1970,144,136,12,True,False
ROIs1970,144,136,22,True,False
ROIs1970,144,137,12,True,False
ROIs1970,144,137,22,True,False
ROIs1970,144,138,12,True,False
ROIs1970,144,138,22,True,False
ROIs1970,144,139,12,True,False
ROIs1970,144,139,22,True,False
ROIs1970,144,140,12,True,False
ROIs1970,144,140,22,True,False
ROIs1970,144,141,12,True,False
ROIs1970,144,141,22,True,False
ROIs1970,144,142,12,True,False
ROIs1970,144,142,22,True,False
ROIs1970,144,143,12,True,False
ROIs1970,144,143,22,True,False
ROIs1970,144,144,12,True,False
ROIs1970,144,144,22,True,False
ROIs1970,144,145,12,True,False
ROIs1970,144,145,22,True,False
ROIs1970,144,146,12,True,False
ROIs1970,144,146,22,True,False
ROIs1970,144,147,12,True,False
ROIs1970,144,147,22,True,False
ROIs1970,144,148,12,True,False
ROIs1970,144,148,22,True,False
ROIs1970,144,149,12,True,False
ROIs1970,144,149,22,True,False
ROIs1970,144,150,12,True,False
ROIs1970,144,150,22,True,False
ROIs1970,144,151,12,True,False
ROIs1970,144,151,22,True,False
ROIs1970,144,152,12,True,False
ROIs1970,144,152,22,True,False
ROIs1970,144,153,12,True,False
ROIs1970,144,153,22,True,False
ROIs1970,144,154,12,True,False
ROIs1970,144,154,22,True,False
ROIs1970,144,155,12,True,False
ROIs1970,144,155,22,True,False
ROIs1970,144,156,12,True,False
ROIs1970,144,156,22,True,False
ROIs1970,144,157,12,True,False
ROIs1970,144,157,22,True,False
ROIs1970,144,158,12,True,False
ROIs1970,144,158,22,True,False
ROIs1970,144,159,12,True,False
ROIs1970,144,159,22,True,False
ROIs1970,144,160,12,True,False
ROIs1970,144,160,22,True,False
ROIs1970,144,161,12,True,False
ROIs1970,144,161,22,True,False
ROIs1970,144,162,12,True,False
ROIs1970,144,162,22,True,False
ROIs1970,144,163,12,True,False
ROIs1970,144,163,22,True,False
ROIs1970,144,164,12,True,False
ROIs1970,144,164,22,True,False
ROIs1970,144,165,12,True,False
ROIs1970,144,165,22,True,False
ROIs1970,144,166,12,True,False
ROIs1970,144,166,22,True,False
ROIs1970,144,167,12,True,False
ROIs1970,144,167,22,True,False
ROIs1970,144,168,12,True,False
ROIs1970,144,168,22,True,False
ROIs1970,144,169,12,True,False
ROIs1970,144,169,22,True,False
ROIs1970,144,170,12,True,False
ROIs1970,144,170,22,True,False
ROIs1970,144,171,12,True,False
ROIs1970,144,171,22,True,False
ROIs1970,144,172,12,True,False
ROIs1970,144,172,22,True,False
ROIs1970,144,173,12,True,False
ROIs1970,144,173,22,True,False
ROIs1970,144,174,12,True,False
ROIs1970,144,174,22,True,False
ROIs1970,144,175,12,True,False
ROIs1970,144,175,22,True,False
ROIs1970,144,176,12,True,False
ROIs1970,144,176,22,True,False
ROIs1970,144,177,12,True,False
ROIs1970,144,177,22,True,False
ROIs1970,144,178,12,True,False
ROIs1970,144,178,22,True,False
ROIs1970,144,179,12,True,False
ROIs1970,144,179,22,True,False
ROIs1970,144,180,12,True,False
ROIs1970,144,180,22,True,False
ROIs1970,144,181,12,True,False
ROIs1970,144,181,22,True,False
ROIs1970,144,182,12,True,False
ROIs1970,144,182,22,True,False
ROIs1970,144,183,12,True,False
ROIs1970,144,183,22,True,False
ROIs1970,144,184,12,True,False
ROIs1970,144,184,22,True,False
ROIs1970,144,185,12,True,False
ROIs1970,144,185,22,True,False
ROIs1970,144,186,12,True,False
ROIs1970,144,186,22,True,False
ROIs1970,144,187,12,True,False
ROIs1970,144,187,22,True,False
ROIs1970,144,188,12,True,False
ROIs1970,144,188,22,True,False
ROIs1970,144,189,12,True,False
ROIs1970,144,189,22,True,False
ROIs1970,144,190,12,True,False
ROIs1970,144,190,22,True,False
ROIs1970,144,191,12,True,False
ROIs1970,144,191,22,True,False
ROIs1970,144,192,12,True,False
ROIs1970,144,192,22,True,False
ROIs1970,144,193,12,True,False
ROIs1970,144,193,22,True,False
ROIs1970,144,194,12,True,False
ROIs1970,144,194,22,True,False
ROIs1970,144,195,12,True,False
ROIs1970,144,195,22,True,False
ROIs1970,144,196,12,True,False
ROIs1970,144,196,22,True,False
ROIs1970,144,197,12,True,False
ROIs1970,144,197,22,True,False
ROIs1970,144,198,12,True,False
ROIs1970,144,198,22,True,False
ROIs1970,144,199,12,True,False
ROIs1970,144,199,22,True,False
ROIs1970,144,200,12,True,False
ROIs1970,144,200,22,True,False
ROIs1970,144,201,12,True,False
ROIs1970,144,201,22,True,False
ROIs1970,144,202,12,True,False
ROIs1970,144,202,22,True,False
ROIs1970,144,203,12,True,False
ROIs1970,144,203,22,True,False
ROIs1970,144,204,12,True,False
ROIs1970,144,204,22,True,False
ROIs1970,144,205,12,True,False
ROIs1970,144,205,22,True,False
ROIs1970,144,206,12,True,False
ROIs1970,144,206,22,True,False
ROIs1970,144,207,12,True,False
ROIs1970,144,207,22,True,False
ROIs1970,144,208,12,True,False
ROIs1970,144,208,22,True,False
ROIs1970,144,209,12,True,False
ROIs1970,144,209,22,True,False
ROIs1970,144,210,12,True,False
ROIs1970,144,210,22,True,False
ROIs1970,144,211,12,True,False
ROIs1970,144,211,22,True,False
ROIs1970,144,212,12,True,False
ROIs1970,144,212,22,True,False
ROIs1970,144,213,12,True,False
ROIs1970,144,213,22,True,False
ROIs1970,144,214,12,True,False
ROIs1970,144,214,22,True,False
ROIs1970,144,215,12,True,False
ROIs1970,144,215,22,True,False
ROIs1970,144,216,12,True,False
ROIs1970,144,216,22,True,False
ROIs1970,144,217,12,True,False
ROIs1970,144,217,22,True,False
ROIs1970,144,218,12,True,False
ROIs1970,144,218,22,True,False
ROIs1970,144,219,12,True,False
ROIs1970,144,219,22,True,False
ROIs1970,144,220,12,False,True
ROIs1970,144,220,22,True,False
ROIs1970,144,221,12,False,True
ROIs1970,144,221,22,True,False
ROIs1970,144,222,12,False,True
ROIs1970,144,222,22,True,False
ROIs1970,144,223,12,False,True
ROIs1970,144,223,22,True,False
ROIs1970,144,224,12,False,True
ROIs1970,144,224,22,True,False
ROIs1970,144,225,12,False,True
ROIs1970,144,225,22,True,False
ROIs1970,144,226,12,True,False
ROIs1970,144,226,22,True,False
ROIs1970,144,227,12,True,False
ROIs1970,144,227,22,True,False
ROIs1970,144,228,12,True,False
ROIs1970,144,228,22,True,False
ROIs1970,144,229,12,True,False
ROIs1970,144,229,22,True,False
ROIs1970,144,230,12,True,False
ROIs1970,144,230,22,True,False
ROIs1970,144,231,12,True,False
ROIs1970,144,231,22,True,False
ROIs1970,144,232,12,True,False
ROIs1970,144,232,22,True,False
ROIs1970,144,233,12,True,False
ROIs1970,144,233,22,True,False
ROIs1970,144,234,12,True,False
ROIs1970,144,234,22,True,False
ROIs1970,144,235,12,True,False
ROIs1970,144,235,22,True,False
ROIs1970,144,236,12,True,False
ROIs1970,144,236,22,True,False
ROIs1970,144,237,12,True,False
ROIs1970,144,237,22,True,False
ROIs1970,144,238,12,True,False
ROIs1970,144,238,22,True,False
ROIs1970,144,239,12,True,False
ROIs1970,144,239,22,True,False
ROIs1970,144,240,22,True,False
ROIs1970,144,241,22,True,False
ROIs1970,144,242,22,True,False
ROIs1970,144,243,22,True,False
ROIs1970,144,244,12,False,True
ROIs1970,144,244,22,True,False
ROIs1970,144,245,12,False,True
ROIs1970,144,245,22,True,False
ROIs1970,144,246,12,False,True
ROIs1970,144,246,22,True,False
ROIs1970,144,247,12,False,True
ROIs1970,144,247,22,True,False
ROIs1970,144,248,12,False,True
ROIs1970,144,248,22,True,False
ROIs1970,144,249,12,False,True
ROIs1970,144,249,22,True,False
ROIs1970,144,250,12,False,True
ROIs1970,144,250,22,True,False
ROIs1970,144,251,12,False,True
ROIs1970,144,251,22,True,False
ROIs1970,144,252,12,True,False
ROIs1970,144,252,22,True,False
ROIs1970,144,253,12,True,False
ROIs1970,144,253,22,True,False
ROIs1970,144,254,12,True,False
ROIs1970,144,254,22,True,False
ROIs1970,144,255,12,True,False
ROIs1970,144,255,22,True,False
ROIs1970,144,256,12,True,False
ROIs1970,144,256,22,True,False
ROIs1970,144,257,12,True,False
ROIs1970,144,257,22,True,False
ROIs1970,144,258,12,True,False
ROIs1970,144,258,22,True,False
ROIs1970,144,259,12,True,False
ROIs1970,144,259,22,True,False
ROIs1970,144,260,22,True,False
ROIs1970,144,261,22,True,False
ROIs1970,144,262,22,True,False
ROIs1970,144,263,22,True,False
ROIs1970,144,264,22,True,False
ROIs1970,144,265,22,True,False
ROIs1970,144,266,22,True,False
ROIs1970,144,267,22,True,False
ROIs1970,144,268,22,True,False
ROIs1970,144,269,22,True,False
ROIs1970,144,270,22,True,False
ROIs1970,144,271,12,False,True
ROIs1970,144,271,22,True,False
ROIs1970,144,272,12,False,True
ROIs1970,144,272,22,True,False
ROIs1970,144,273,12,False,True
ROIs1970,144,273,22,True,False
ROIs1970,144,274,12,False,True
ROIs1970,144,274,22,True,False
ROIs1970,144,275,12,False,True
ROIs1970,144,275,22,True,False
ROIs1970,144,276,12,False,True
ROIs1970,144,276,22,True,False
ROIs1970,144,277,12,False,True
ROIs1970,144,277,22,True,False
ROIs1970,144,278,12,True,False
ROIs1970,144,278,22,True,False
ROIs1970,144,279,12,True,False
ROIs1970,144,279,22,True,False
ROIs1970,144,280,22,True,False
ROIs1970,144,281,22,True,False
ROIs1970,144,282,22,True,False
ROIs1970,144,283,22,True,False
ROIs1970,144,284,22,True,False
ROIs1970,144,285,22,True,False
ROIs1970,144,286,22,True,False
ROIs1970,144,287,22,True,False
ROIs1970,144,288,22,True,False
ROIs1970,144,289,22,True,False
ROIs1970,144,290,22,True,False
ROIs1970,144,291,22,True,False
ROIs1970,144,292,22,True,False
ROIs1970,144,293,22,True,False
ROIs1970,144,294,22,True,False
ROIs1970,144,295,22,True,False
ROIs1970,144,296,22,True,False
ROIs1970,144,297,12,False,True
ROIs1970,144,297,22,True,False
ROIs1970,144,298,12,False,True
ROIs1970,144,298,22,True,False
ROIs1970,144,299,12,False,True
ROIs1970,144,299,22,True,False
ROIs1970,149,280,24,False,False
ROIs2017,61,167,28,False,False
ROIs2017,63,247,4,False,False
ROIs2017,103,12,26,False,False
ROIs2017,103,41,0,False,False
ROIs2017,103,43,26,False,False
ROIs2017,103,90,4,False,False
ROIs2017,103,147,26,False,False
ROIs2017,103,173,25,False,False
ROIs2017,103,195,4,False,False
ROIs2017,108,108,28,False,False
ROIs2017,108,145,28,False,False
ROIs2017,108,184,25,False,False
ROIs2017,108,230,28,False,False
ROIs2017,115,0,29,True,False
ROIs2017,115,1,29,True,False
ROIs2017,115,2,29,True,False
ROIs2017,115,3,29,True,False
ROIs2017,115,4,29,True,False
ROIs2017,115,5,29,True,False
ROIs2017,115,6,29,True,False
ROIs2017,115,7,29,True,False
ROIs2017,115,8,29,True,False
ROIs2017,115,9,29,True,False
ROIs2017,115,10,29,True,False
ROIs2017,115,11,29,True,False
ROIs2017,115,12,29,True,False
ROIs2017,115,13,29,True,False
ROIs2017,115,14,29,True,False
ROIs2017,115,15,29,True,False
ROIs2017,115,16,29,True,False
ROIs2017,115,17,29,True,False
ROIs2017,115,18,29,True,False
ROIs2017,115,19,29,True,False
ROIs2017,115,20,29,True,False
ROIs2017,115,21,29,True,False
ROIs2017,115,22,29,True,False
ROIs2017,115,23,29,True,False
ROIs2017,115,24,29,True,False
ROIs2017,115,25,29,True,False
ROIs2017,115,26,29,True,False
ROIs2017,115,27,29,True,False
ROIs2017,115,28,29,True,False
ROIs2017,115,29,29,True,False
ROIs2017,115,30,29,True,False
ROIs2017,115,31,29,True,False
ROIs2017,115,32,29,True,False
ROIs2017,115,33,29,True,False
ROIs2017,115,34,29,True,False
ROIs2017,115,35,29,True,False
ROIs2017,115,36,29,True,False
ROIs2017,115,37,29,True,False
ROIs2017,115,38,29,True,False
ROIs2017,115,39,29,True,False
ROIs2017,115,40,29,True,False
ROIs2017,115,41,29,True,False
ROIs2017,115,42,29,True,False
ROIs2017,115,43,29,True,False
ROIs2017,115,44,29,True,False
ROIs2017,115,45,29,True,False
ROIs2017,115,46,29,True,False
ROIs2017,115,47,29,True,False
ROIs2017,115,48,29,True,False
ROIs2017,115,49,29,True,False
ROIs2017,115,50,29,True,False
ROIs2017,115,51,29,True,False
ROIs2017,115,52,29,True,False
ROIs2017,115,53,29,True,False
ROIs2017,115,54,29,True,False
ROIs2017,115,55,29,True,False
ROIs2017,115,56,29,True,False
ROIs2017,115,57,29,True,False
ROIs2017,115,58,29,True,False
ROIs2017,115,59,29,True,False
ROIs2017,115,60,29,True,False
ROIs2017,115,61,29,True,False
ROIs2017,115,62,29,True,False
ROIs2017,115,63,29,True,False
ROIs2017,115,64,29,True,False
ROIs2017,115,65,29,True,False
ROIs2017,115,66,29,True,False
ROIs2017,115,67,29,True,False
ROIs2017,115,68,29,True,False
ROIs2017,115,69,29,True,False
ROIs2017,115,70,29,True,False
ROIs2017,115,71,29,True,False
ROIs2017,115,72,29,True,False
ROIs2017,115,73,29,True,False
ROIs2017,115,74,29,True,False
ROIs2017,115,75,29,True,False
ROIs2017,115,76,29,True,False
ROIs2017,115,77,29,True,False
ROIs2017,115,78,29,True,False
ROIs2017,115,79,29,True,False
ROIs2017,115,80,29,True,False
ROIs2017,115,81,29,True,False
ROIs2017,115,82,29,True,False
ROIs2017,115,83,29,True,False
ROIs2017,115,84,29,True,False
ROIs2017,115,85,29,True,False
ROIs2017,115,86,29,True,False
ROIs2017,115,87,29,True,False
ROIs2017,115,88,29,True,False
ROIs2017,115,89,29,True,False
ROIs2017,115,90,29,True,False
ROIs2017,115,91,29,True,False
ROIs2017,115,92,29,True,False
ROIs2017,115,93,29,True,False
ROIs2017,115,94,29,True,False
ROIs2017,115,95,29,True,False
ROIs2017,115,96,29,True,False
ROIs2017,115,97,29,True,False
ROIs2017,115,98,29,True,False
ROIs2017,115,99,29,True,False
ROIs2017,115,100,29,True,False
ROIs2017,115,101,29,True,False
ROIs2017,115,102,29,True,False
ROIs2017,115,103,29,True,False
ROIs2017,115,104,29,True,False
ROIs2017,115,105,29,True,False
ROIs2017,115,106,29,True,False
ROIs2017,115,107,29,True,False
ROIs2017,115,108,29,True,False
ROIs2017,115,109,29,True,False
ROIs2017,115,110,29,True,False
ROIs2017,115,111,29,True,False
ROIs2017,115,112,29,True,False
ROIs2017,115,113,29,True,False
ROIs2017,115,114,29,True,False
ROIs2017,115,115,29,True,False
ROIs2017,115,116,29,True,False
ROIs2017,115,117,29,True,False
ROIs2017,115,118,29,True,False
ROIs2017,115,119,29,True,False
ROIs2017,115,120,29,True,False
ROIs2017,115,121,29,True,False
ROIs2017,115,122,29,True,False
ROIs2017,115,123,29,True,False
ROIs2017,115,124,29,True,False
ROIs2017,115,125,29,True,False
ROIs2017,115,126,29,True,False
ROIs2017,115,127,29,True,False
ROIs2017,115,128,29,True,False
ROIs2017,115,129,29,True,False
ROIs2017,115,130,29,True,False
ROIs2017,115,131,29,True,False
ROIs2017,115,132,29,True,False
ROIs2017,115,133,29,True,False
ROIs2017,115,134,29,True,False
ROIs2017,115,135,29,True,False
ROIs2017,115,136,29,True,False
ROIs2017,115,137,29,True,False
ROIs2017,115,138,29,True,False
ROIs2017,115,139,29,True,False
ROIs2017,115,140,29,True,False
ROIs2017,115,141,29,True,False
ROIs2017,115,142,29,True,False
ROIs2017,115,143,29,True,False
ROIs2017,115,144,29,True,False
ROIs2017,115,145,29,True,False
ROIs2017,115,146,29,True,False
ROIs2017,115,147,29,True,False
ROIs2017,115,148,29,True,False
ROIs2017,115,149,29,True,False
ROIs2017,115,150,29,True,False
ROIs2017,115,151,29,True,False
ROIs2017,115,152,29,True,False
ROIs2017,115,153,29,True,False
ROIs2017,115,154,29,True,False
ROIs2017,115,155,29,True,False
ROIs2017,115,156,29,True,False
ROIs2017,115,157,29,True,False
ROIs2017,115,158,29,True,False
ROIs2017,115,159,29,True,False
ROIs2017,115,160,29,True,False
ROIs2017,115,161,29,True,False
ROIs2017,115,162,29,True,False
ROIs2017,115,163,29,True,False
ROIs2017,115,164,29,True,False
ROIs2017,115,165,29,True,False
ROIs2017,115,166,29,True,False
ROIs2017,115,167,29,True,False
ROIs2017,115,168,29,True,False
ROIs2017,115,169,29,True,False
ROIs2017,115,170,29,True,False
ROIs2017,115,171,29,True,False
ROIs2017,115,172,29,True,False
ROIs2017,115,173,29,True,False
ROIs2017,115,174,29,True,False
ROIs2017,115,175,29,True,False
ROIs2017,115,176,29,True,False
ROIs2017,115,177,29,True,False
ROIs2017,115,178,29,True,False
ROIs2017,115,179,29,True,False
ROIs2017,115,180,29,True,False
ROIs2017,115,181,29,True,False
ROIs2017,115,182,29,True,False
ROIs2017,115,183,29,True,False
ROIs2017,115,184,29,True,False
ROIs2017,115,185,29,True,False
ROIs2017,115,186,29,True,False
ROIs2017,115,187,29,True,False
ROIs2017,115,188,29,True,False
ROIs2017,115,189,29,True,False
ROIs2017,115,190,29,True,False
ROIs2017,115,191,29,True,False
ROIs2017,115,192,29,True,False
ROIs2017,115,193,29,True,False
ROIs2017,115,194,29,True,False
ROIs2017,115,195,29,True,False
ROIs2017,115,196,29,True,False
ROIs2017,115,197,29,True,False
ROIs2017,115,198,29,True,False
ROIs2017,115,199,29,True,False
ROIs2017,115,200,29,True,False
ROIs2017,115,201,29,True,False
ROIs2017,115,202,29,True,False
ROIs2017,115,203,29,True,False
ROIs2017,115,204,29,True,False
ROIs2017,115,205,29,True,False
ROIs2017,115,206,29,True,False
ROIs2017,115,207,29,True,False
ROIs2017,115,208,29,True,False
ROIs2017,115,209,29,True,False
ROIs2017,115,210,29,True,False
ROIs2017,115,211,29,True,False
ROIs2017,115,212,29,True,False
ROIs2017,115,213,29,True,False
ROIs2017,115,214,29,True,False
ROIs2017,115,215,29,True,False
ROIs2017,115,216,29,True,False
ROIs2017,115,217,29,True,False
ROIs2017,115,218,29,True,False
ROIs2017,115,219,29,True,False
ROIs2017,115,220,29,True,False
ROIs2017,115,221,29,True,False
ROIs2017,115,222,29,True,False
ROIs2017,115,223,29,True,False
ROIs2017,115,224,29,True,False
ROIs2017,115,225,29,True,False
ROIs2017,115,226,29,True,False
ROIs2017,115,227,29,True,False
ROIs2017,115,228,29,True,False
ROIs2017,115,229,29,True,False
ROIs2017,115,230,29,True,False
ROIs2017,115,231,29,True,False
ROIs2017,115,232,29,True,False
ROIs2017,115,233,29,True,False
ROIs2017,115,234,29,True,False
ROIs2017,115,235,29,True,False
ROIs2017,115,236,29,True,False
ROIs2017,115,237,29,True,False
ROIs2017,115,238,29,True,False
ROIs2017,115,239,29,True,False
ROIs2017,115,240,29,True,False
ROIs2017,115,241,29,True,False
ROIs2017,115,242,29,True,False
ROIs2017,115,243,29,True,False
ROIs2017,115,244,29,True,False
ROIs2017,115,245,29,True,False
ROIs2017,115,246,29,True,False
ROIs2017,115,247,29,True,False
ROIs2017,115,248,29,True,False
ROIs2017,115,249,29,True,False
ROIs2017,115,250,29,True,False
ROIs2017,115,251,29,True,False
ROIs2017,115,252,29,True,False
ROIs2017,115,253,29,True,False
ROIs2017,115,254,29,True,False
ROIs2017,115,255,29,True,False
ROIs2017,115,256,29,True,False
ROIs2017,115,257,29,True,False
ROIs2017,115,258,29,True,False
ROIs2017,115,259,29,True,False
ROIs2017,115,260,29,True,False
ROIs2017,115,261,29,True,False
ROIs2017,115,262,29,True,False
ROIs2017,115,263,29,True,False
ROIs2017,115,264,29,True,False
ROIs2017,115,265,29,True,False
ROIs2017,115,266,29,True,False
ROIs2017,115,267,29,True,False
ROIs2017,115,268,29,True,False
ROIs2017,115,269,29,True,False
ROIs2017,115,270,29,True,False
ROIs2017,115,271,29,True,False
ROIs2017,115,272,29,True,False
ROIs2017,115,273,29,True,False
ROIs2017,115,274,29,True,False
ROIs2017,115,275,29,True,False
ROIs2017,115,276,29,True,False
ROIs2017,115,277,29,True,False
ROIs2017,115,278,29,True,False
ROIs2017,115,279,29,True,False
ROIs2017,115,280,29,True,False
ROIs2017,115,281,29,True,False
ROIs2017,115,282,29,True,False
ROIs2017,115,283,29,True,False
ROIs2017,115,284,29,True,False
ROIs2017,117,31,4,False,False
ROIs2017,130,87,27,False,False
ROIs2017,146,102,21,False,False
ROIs2017,146,266,3,False,False
